File,LOC,SLOC-P,SLOC-L,MVG,BLOC,C&SLOC,CLOC,CWORD,HCLOC,HCWORD
C:\Users\philip.pannenko\git\csp-595\bin\csp-595\error.jsp,49,38,4,0,11,0,0,0,0,0
C:\Users\philip.pannenko\git\csp-595\bin\csp-595\index.jsp,1,1,0,0,0,0,0,0,0,0
C:\Users\philip.pannenko\git\csp-595\bin\csp-595\WEB-INF\template.jsp,28,22,0,0,6,0,0,0,0,0
C:\Users\philip.pannenko\git\csp-595\bin\csp-595\WEB-INF\global\breadcrumb.jsp,19,19,2,0,0,0,0,0,0,0
C:\Users\philip.pannenko\git\csp-595\bin\csp-595\WEB-INF\global\errors.jsp,35,31,4,0,4,0,0,0,0,0
C:\Users\philip.pannenko\git\csp-595\bin\csp-595\WEB-INF\global\footer.jsp,3,3,0,0,0,0,0,0,0,0
C:\Users\philip.pannenko\git\csp-595\bin\csp-595\WEB-INF\global\head.jsp,10,7,2,0,3,0,0,0,0,0
C:\Users\philip.pannenko\git\csp-595\bin\csp-595\WEB-INF\global\header.jsp,23,21,2,0,2,0,0,0,0,0
C:\Users\philip.pannenko\git\csp-595\bin\csp-595\WEB-INF\global\pagination.jsp,19,15,1,0,4,0,0,0,0,0
C:\Users\philip.pannenko\git\csp-595\bin\csp-595\WEB-INF\pages\account-page.jsp,21,16,0,0,5,0,0,0,0,0
C:\Users\philip.pannenko\git\csp-595\bin\csp-595\WEB-INF\pages\cart-individual.jsp,59,50,3,0,9,0,0,0,0,0
C:\Users\philip.pannenko\git\csp-595\bin\csp-595\WEB-INF\pages\checkout-page.jsp,74,68,0,0,6,0,0,0,0,0
C:\Users\philip.pannenko\git\csp-595\bin\csp-595\WEB-INF\pages\login-page.jsp,18,16,0,0,2,0,0,0,0,0
C:\Users\philip.pannenko\git\csp-595\bin\csp-595\WEB-INF\pages\order-individual.jsp,60,52,4,0,8,0,0,0,0,0
C:\Users\philip.pannenko\git\csp-595\bin\csp-595\WEB-INF\pages\order-listing.jsp,37,33,2,0,4,0,0,0,0,0
C:\Users\philip.pannenko\git\csp-595\bin\csp-595\WEB-INF\pages\product-individual.jsp,22,19,3,0,3,0,0,0,0,0
C:\Users\philip.pannenko\git\csp-595\bin\csp-595\WEB-INF\pages\product-listing-fragment.jsp,40,34,6,0,6,0,0,0,0,0
C:\Users\philip.pannenko\git\csp-595\bin\csp-595\WEB-INF\pages\product-listing.jsp,71,69,0,0,2,0,0,0,0,0
C:\Users\philip.pannenko\git\csp-595\bin\csp-595\WEB-INF\pages\setting-form.jsp,82,76,0,0,6,0,0,0,0,0
C:\Users\philip.pannenko\git\csp-595\bin\csp-595\WEB-INF\pages\sign-up-page.jsp,77,70,0,0,7,0,0,0,0,0
