Folder,Files,LOC,SLOC-P,SLOC-L,MVG,BLOC,C&SLOC,CLOC,CWORD,HCLOC,HCWORD
Total,41,2812,2181,1609,322,584,1,47,283,0,0
C:\Users\philip.pannenko\git\csp-595\bin\csp-595,41,2812,2181,1609,322,584,1,47,283,0,0
C:\Users\philip.pannenko\git\csp-595\bin\csp-595\WEB-INF,41,2812,2181,1609,322,584,1,47,283,0,0
C:\Users\philip.pannenko\git\csp-595\bin\csp-595\WEB-INF\classes,41,2812,2181,1609,322,584,1,47,283,0,0
C:\Users\philip.pannenko\git\csp-595\bin\csp-595\WEB-INF\classes\iit,41,2812,2181,1609,322,584,1,47,283,0,0
C:\Users\philip.pannenko\git\csp-595\bin\csp-595\WEB-INF\classes\iit\csp595,41,2812,2181,1609,322,584,1,47,283,0,0
C:\Users\philip.pannenko\git\csp-595\bin\csp-595\WEB-INF\classes\iit\csp595\bean,15,480,330,259,25,138,0,12,71,0,0
C:\Users\philip.pannenko\git\csp-595\bin\csp-595\WEB-INF\classes\iit\csp595\domain,16,1164,880,604,109,269,1,15,82,0,0
C:\Users\philip.pannenko\git\csp-595\bin\csp-595\WEB-INF\classes\iit\csp595\domain\dao,3,239,186,143,33,50,0,3,15,0,0
C:\Users\philip.pannenko\git\csp-595\bin\csp-595\WEB-INF\classes\iit\csp595\domain\model,12,637,462,334,47,171,0,4,12,0,0
C:\Users\philip.pannenko\git\csp-595\bin\csp-595\WEB-INF\classes\iit\csp595\domain\model\type,2,52,38,24,4,14,0,0,0,0,0
C:\Users\philip.pannenko\git\csp-595\bin\csp-595\WEB-INF\classes\iit\csp595\servlet,6,593,490,406,61,93,0,10,86,0,0
