Word,Count
*,17
a,14
to,12
the,9
,7
user,6
for,5
that,5
pages,5
Used,4
private,4
guideline,4
type,4
of,4
is,4
Category,4
as,4
will,4
be,3
certain,3
in,3
null,3
which,3
and,3
used,2
If,2
our,2
category,2
changes,2
products,2
login,2
are,2
it,2
Update,2
reflect,2
person,2
Tables,2
page,2
session,2
use,2
these,2
if,2
Needs,2
we,2
-1L,2
no,2
initialized,1
multiple,1
Safely,1
\db,\,1
\authenticated,\,1
on,1
associated,1
initalize,1
pair,1
Values,1
manually,1
information,1
has,1
coffeeType;,1
some,1
empty,1
way,1
find,1
form,1
@param,1
There,1
filter,1
there,1
redirect,1
viewable,1
Lookup,1
@return,1
based,1
values,1
Long,1
\result,\,1
DB,1
Or,1
value,1
Disk,1
simply,1
So,1
unique,1
Helper,1
determine,1
needs,1
pointers,1
it's,1
isn't,1
have,1
make,1
The,1
string,1
As,1
orders,1
logged,1
defaults,1
method,1
store;,1
return,1
remove,1
let's,1
new,1
Pagination,1
them,1
prior,1
instead,1
listing,1
True,1
id,1
workaround,1
public,1
so,1
with,1
Call,1
trim,1
bar,1
perform,1
can,1
purpose;,1
\t,\,1
following,1
do,1
display,1
Log,1
Serialized,1
\1,\,1
\new,\,1
assign,1
region;,1
Concrete,1
product,1
additions,1
Mini,1
check,1
0,1
individual,1
bean,1
username,1
between,1
double,1
from,1
\out,\,1
\true,\,1
BeanUtils,1
this,1
or,1
This,1
true:,1
b,1
