File,LOC,SLOC-P,SLOC-L,MVG,BLOC,C&SLOC,CLOC,CWORD,HCLOC,HCWORD
C:\Users\philip.pannenko\git\csp-595\bin\csp-595\WEB-INF\classes\iit\csp595\Actions.java,72,64,27,19,8,0,0,0,0,0
C:\Users\philip.pannenko\git\csp-595\bin\csp-595\WEB-INF\classes\iit\csp595\Constants.java,34,25,24,0,9,0,0,0,0,0
C:\Users\philip.pannenko\git\csp-595\bin\csp-595\WEB-INF\classes\iit\csp595\SortType.java,40,33,23,8,7,0,0,0,0,0
C:\Users\philip.pannenko\git\csp-595\bin\csp-595\WEB-INF\classes\iit\csp595\Utils.java,429,359,266,100,60,0,10,44,0,0
C:\Users\philip.pannenko\git\csp-595\bin\csp-595\WEB-INF\classes\iit\csp595\bean\AccountPageBean.java,17,11,9,0,6,0,0,0,0,0
C:\Users\philip.pannenko\git\csp-595\bin\csp-595\WEB-INF\classes\iit\csp595\bean\CartIndividualBean.java,60,40,34,2,20,0,0,0,0,0
C:\Users\philip.pannenko\git\csp-595\bin\csp-595\WEB-INF\classes\iit\csp595\bean\CheckoutPageBean.java,17,12,10,0,5,0,0,0,0,0
C:\Users\philip.pannenko\git\csp-595\bin\csp-595\WEB-INF\classes\iit\csp595\bean\GenericFormPageBean.java,26,15,11,1,8,0,3,15,0,0
C:\Users\philip.pannenko\git\csp-595\bin\csp-595\WEB-INF\classes\iit\csp595\bean\GenericIndividualPageBean.java,26,15,11,1,8,0,3,17,0,0
C:\Users\philip.pannenko\git\csp-595\bin\csp-595\WEB-INF\classes\iit\csp595\bean\GenericListingPageBean.java,89,66,50,11,20,0,3,18,0,0
C:\Users\philip.pannenko\git\csp-595\bin\csp-595\WEB-INF\classes\iit\csp595\bean\GenericPageBean.java,64,45,33,5,16,0,3,21,0,0
C:\Users\philip.pannenko\git\csp-595\bin\csp-595\WEB-INF\classes\iit\csp595\bean\LoginPageBean.java,12,8,6,0,4,0,0,0,0,0
C:\Users\philip.pannenko\git\csp-595\bin\csp-595\WEB-INF\classes\iit\csp595\bean\Message.java,33,23,17,2,10,0,0,0,0,0
C:\Users\philip.pannenko\git\csp-595\bin\csp-595\WEB-INF\classes\iit\csp595\bean\OrderIndividualBean.java,49,37,30,3,12,0,0,0,0,0
C:\Users\philip.pannenko\git\csp-595\bin\csp-595\WEB-INF\classes\iit\csp595\bean\OrderListingBean.java,19,13,11,0,6,0,0,0,0,0
C:\Users\philip.pannenko\git\csp-595\bin\csp-595\WEB-INF\classes\iit\csp595\bean\ProductIndividualBean.java,18,12,10,0,6,0,0,0,0,0
C:\Users\philip.pannenko\git\csp-595\bin\csp-595\WEB-INF\classes\iit\csp595\bean\ProductListingBean.java,19,13,11,0,6,0,0,0,0,0
C:\Users\philip.pannenko\git\csp-595\bin\csp-595\WEB-INF\classes\iit\csp595\bean\SettingFormBean.java,18,12,10,0,6,0,0,0,0,0
C:\Users\philip.pannenko\git\csp-595\bin\csp-595\WEB-INF\classes\iit\csp595\bean\SignUpPageBean.java,13,8,6,0,5,0,0,0,0,0
C:\Users\philip.pannenko\git\csp-595\bin\csp-595\WEB-INF\classes\iit\csp595\domain\Database.java,288,232,127,29,48,1,8,55,0,0
C:\Users\philip.pannenko\git\csp-595\bin\csp-595\WEB-INF\classes\iit\csp595\domain\dao\OrderDao.java,41,32,24,5,9,0,0,0,0,0
C:\Users\philip.pannenko\git\csp-595\bin\csp-595\WEB-INF\classes\iit\csp595\domain\dao\ProductDao.java,121,99,72,24,22,0,0,0,0,0
C:\Users\philip.pannenko\git\csp-595\bin\csp-595\WEB-INF\classes\iit\csp595\domain\dao\UserDao.java,77,55,47,4,19,0,3,15,0,0
C:\Users\philip.pannenko\git\csp-595\bin\csp-595\WEB-INF\classes\iit\csp595\domain\model\Accessory.java,15,8,6,0,6,0,1,3,0,0
C:\Users\philip.pannenko\git\csp-595\bin\csp-595\WEB-INF\classes\iit\csp595\domain\model\Address.java,55,40,29,4,15,0,0,0,0,0
C:\Users\philip.pannenko\git\csp-595\bin\csp-595\WEB-INF\classes\iit\csp595\domain\model\Cart.java,64,47,34,5,17,0,0,0,0,0
C:\Users\philip.pannenko\git\csp-595\bin\csp-595\WEB-INF\classes\iit\csp595\domain\model\Category.java,47,33,24,3,14,0,0,0,0,0
C:\Users\philip.pannenko\git\csp-595\bin\csp-595\WEB-INF\classes\iit\csp595\domain\model\Coffee.java,38,24,18,2,11,0,3,9,0,0
C:\Users\philip.pannenko\git\csp-595\bin\csp-595\WEB-INF\classes\iit\csp595\domain\model\CreditCard.java,55,40,29,4,15,0,0,0,0,0
C:\Users\philip.pannenko\git\csp-595\bin\csp-595\WEB-INF\classes\iit\csp595\domain\model\Order.java,88,67,50,7,21,0,0,0,0,0
C:\Users\philip.pannenko\git\csp-595\bin\csp-595\WEB-INF\classes\iit\csp595\domain\model\Product.java,89,67,48,8,22,0,0,0,0,0
C:\Users\philip.pannenko\git\csp-595\bin\csp-595\WEB-INF\classes\iit\csp595\domain\model\Tag.java,36,25,18,2,11,0,0,0,0,0
C:\Users\philip.pannenko\git\csp-595\bin\csp-595\WEB-INF\classes\iit\csp595\domain\model\User.java,98,73,54,8,25,0,0,0,0,0
C:\Users\philip.pannenko\git\csp-595\bin\csp-595\WEB-INF\classes\iit\csp595\domain\model\type\CategoryType.java,27,20,12,2,7,0,0,0,0,0
C:\Users\philip.pannenko\git\csp-595\bin\csp-595\WEB-INF\classes\iit\csp595\domain\model\type\ProductType.java,25,18,12,2,7,0,0,0,0,0
C:\Users\philip.pannenko\git\csp-595\bin\csp-595\WEB-INF\classes\iit\csp595\servlet\AccountServlet.java,125,103,84,14,19,0,3,34,0,0
C:\Users\philip.pannenko\git\csp-595\bin\csp-595\WEB-INF\classes\iit\csp595\servlet\AuthServlet.java,59,47,37,7,12,0,0,0,0,0
C:\Users\philip.pannenko\git\csp-595\bin\csp-595\WEB-INF\classes\iit\csp595\servlet\CartServlet.java,148,124,102,18,20,0,4,48,0,0
C:\Users\philip.pannenko\git\csp-595\bin\csp-595\WEB-INF\classes\iit\csp595\servlet\OrderServlet.java,77,67,55,9,10,0,0,0,0,0
C:\Users\philip.pannenko\git\csp-595\bin\csp-595\WEB-INF\classes\iit\csp595\servlet\ProductServlet.java,144,116,101,10,25,0,3,4,0,0
C:\Users\philip.pannenko\git\csp-595\bin\csp-595\WEB-INF\classes\iit\csp595\servlet\SearchServlet.java,40,33,27,3,7,0,0,0,0,0
