Word,Count
the,9
in,7
given,4
that,4
an,3
element,3
request,3
Firebug,3
for,3
has,3
and,3
to,3
IE,3
text,2
Faux,2
alert,2
Explorer,2
result,2
Put,2
response,2
Internet,2
Display,2
HTTP,2
address,2
box,2
or,2
HTML,2
ID,2
Make,2
Also,1
data,1
5,1
browser-specific,1
actually,1
http://getfirebug.com/lite.html,1
be,1
(instead,1
Error:,1
either,1
(bottom,1
of,1
JavaScript,1
into,1
logging,1
Trick,1
\Firefox,\,1
crashing),1
ignored,1
starting,1
Lite,1
\Opera,\,1
specified,1
Get,1
implemented,1
want,1
something,1
Console,1
\Netscape,\,1
7,1
(top,1
will,1
6,1
throw,1
Console:,1
id,1
see,1
console.log,1
http://icant.co.uk/sandbox/fauxconsole/,1
if,1
html,1
old,1
function,1
\Mozilla,\,1
do,1
you,1
\Safari,\,1
entry),1
so,1
Don't,1
Lite:,1
\object,\,1
very,1
entry);,1
was,1
Insert,1
is,1
this,1
Error,1
1.5,1
part,1
\8,\,1
\browsers,\,1
