Word,Count
the,18
*,17
,16
to,15
a,15
in,10
that,9
for,8
user,6
and,6
is,5
will,5
of,5
pages,5
type,4
Category,4
be,4
as,4
private,4
has,4
given,4
guideline,4
Used,4
element,3
request,3
or,3
if,3
an,3
IE,3
Firebug,3
which,3
certain,3
null,3
reflect,2
it,2
are,2
Explorer,2
no,2
id,2
person,2
so,2
Internet,2
do,2
response,2
Display,2
If,2
our,2
category,2
changes,2
products,2
result,2
login,2
HTTP,2
address,2
Update,2
text,2
alert,2
box,2
-1L,2
session,2
these,2
used,2
Put,2
HTML,2
Tables,2
page,2
we,2
this,2
Faux,2
ID,2
use,2
Make,2
Needs,2
},1
Grid,1
Values,1
initalize,1
\authenticated,\,1
initialized,1
information,1
multiple,1
Safely,1
\db,\,1
data,1
browser-specific,1
on,1
actually,1
associated,1
5,1
pair,1
some,1
http://getfirebug.com/lite.html,1
manually,1
Table,1
Typography,1
coffeeType;,1
empty,1
Error:,1
way,1
(instead,1
find,1
form,1
@param,1
.active,1
There,1
filter,1
redirect,1
(bottom,1
{,1
Print,1
there,1
either,1
viewable,1
JavaScript,1
ignored,1
@return,1
based,1
values,1
b,1
\result,\,1
Long,1
logging,1
Trick,1
DB,1
Or,1
\Firefox,\,1
Lookup,1
Disk,1
value,1
crashing),1
starting,1
simply,1
unique,1
.pagination,1
Helper,1
determine,1
So,1
needs,1
pointers,1
Lite,1
underline;,1
\Opera,\,1
it's,1
Get,1
implemented,1
have,1
isn't,1
specified,1
make,1
li,1
The,1
string,1
want,1
As,1
orders,1
logged,1
defaults,1
something,1
Console,1
\Netscape,\,1
7,1
6,1
store;,1
return,1
method,1
(top,1
http://icant.co.uk/sandbox/fauxconsole/,1
new,1
function,1
remove,1
prior,1
instead,1
listing,1
throw,1
True,1
Console:,1
\Mozilla,\,1
workaround,1
Specific,1
public,1
let's,1
with,1
see,1
Call,1
console.log,1
trim,1
\Safari,\,1
Pagination,1
Form,1
can,1
purpose;,1
html,1
old,1
\t,\,1
them,1
bar,1
perform,1
display,1
following,1
you,1
Misc,1
entry);,1
Serialized,1
entry),1
\1,\,1
\new,\,1
assign,1
Log,1
region;,1
Concrete,1
product,1
additions,1
Mini,1
Don't,1
check,1
Lite:,1
0,1
List,1
\object,\,1
individual,1
username,1
very,1
between,1
double,1
bean,1
BeanUtils,1
Insert,1
from,1
\out,\,1
\true,\,1
was,1
ul,1
part,1
Error,1
This,1
1.5,1
Also,1
true:,1
text-decoration:,1
\8,\,1
\browsers,\,1
into,1
