Folder,Files,LOC,SLOC-P,SLOC-L,MVG,BLOC,C&SLOC,CLOC,CWORD,HCLOC,HCWORD
Total,64,4283,3407,2030,329,802,1,74,455,3,28
C:\Users\philip.pannenko\git\csp-595\bin\csp-595,64,4283,3407,2030,329,802,1,74,455,3,28
C:\Users\philip.pannenko\git\csp-595\bin\csp-595\WEB-INF,60,3577,2861,1638,322,669,1,47,283,0,0
C:\Users\philip.pannenko\git\csp-595\bin\csp-595\WEB-INF\classes,41,2812,2181,1609,322,584,1,47,283,0,0
C:\Users\philip.pannenko\git\csp-595\bin\csp-595\WEB-INF\classes\iit,41,2812,2181,1609,322,584,1,47,283,0,0
C:\Users\philip.pannenko\git\csp-595\bin\csp-595\WEB-INF\classes\iit\csp595,41,2812,2181,1609,322,584,1,47,283,0,0
C:\Users\philip.pannenko\git\csp-595\bin\csp-595\WEB-INF\classes\iit\csp595\bean,15,480,330,259,25,138,0,12,71,0,0
C:\Users\philip.pannenko\git\csp-595\bin\csp-595\WEB-INF\classes\iit\csp595\domain,16,1164,880,604,109,269,1,15,82,0,0
C:\Users\philip.pannenko\git\csp-595\bin\csp-595\WEB-INF\classes\iit\csp595\domain\dao,3,239,186,143,33,50,0,3,15,0,0
C:\Users\philip.pannenko\git\csp-595\bin\csp-595\WEB-INF\classes\iit\csp595\domain\model,12,637,462,334,47,171,0,4,12,0,0
C:\Users\philip.pannenko\git\csp-595\bin\csp-595\WEB-INF\classes\iit\csp595\domain\model\type,2,52,38,24,4,14,0,0,0,0,0
C:\Users\philip.pannenko\git\csp-595\bin\csp-595\WEB-INF\classes\iit\csp595\servlet,6,593,490,406,61,93,0,10,86,0,0
C:\Users\philip.pannenko\git\csp-595\bin\csp-595\WEB-INF\global,6,109,96,11,0,13,0,0,0,0,0
C:\Users\philip.pannenko\git\csp-595\bin\csp-595\WEB-INF\pages,11,561,503,18,0,58,0,0,0,0,0
C:\Users\philip.pannenko\git\csp-595\bin\csp-595\css,1,533,424,323,0,100,0,9,26,0,0
C:\Users\philip.pannenko\git\csp-595\bin\csp-595\scripts,1,123,83,65,7,22,0,18,146,3,28
