File,Function,LOC,SLOC-P,SLOC-L,MVG,BLOC,C&SLOC,CLOC,CWORD
C:\Users\philip.pannenko\git\csp-595\bin\csp-595\scripts\ajax-utils.js,getRequestObject(),10,8,7,4,0,0,2,18,
C:\Users\philip.pannenko\git\csp-595\bin\csp-595\scripts\ajax-utils.js,ajaxAlert(address),7,7,7,0,0,0,0,0,
C:\Users\philip.pannenko\git\csp-595\bin\csp-595\scripts\ajax-utils.js,showResponseAlert(request),4,4,3,1,0,0,0,0,
C:\Users\philip.pannenko\git\csp-595\bin\csp-595\scripts\ajax-utils.js,"ajaxResult(address, resultRegion)",7,7,7,0,0,0,0,0,
C:\Users\philip.pannenko\git\csp-595\bin\csp-595\scripts\ajax-utils.js,"showResponseText(request, resultRegion)",4,4,3,1,0,0,0,0,
C:\Users\philip.pannenko\git\csp-595\bin\csp-595\scripts\ajax-utils.js,"htmlInsert(id, htmlData)",2,2,2,0,0,0,0,0,
C:\Users\philip.pannenko\git\csp-595\bin\csp-595\scripts\ajax-utils.js,function(),9,7,5,1,2,0,0,0,
C:\Users\philip.pannenko\git\csp-595\bin\csp-595\scripts\ajax-utils.js,searchAutoComplete(),4,4,4,0,0,0,0,0,
C:\Users\philip.pannenko\git\csp-595\bin\csp-595\scripts\ajax-utils.js,doAjaxForItem(),4,4,4,0,0,0,0,0,
C:\Users\philip.pannenko\git\csp-595\bin\csp-595\scripts\ajax-utils.js,doAjaxForPrice(),4,4,4,0,0,0,0,0,
C:\Users\philip.pannenko\git\csp-595\bin\csp-595\scripts\ajax-utils.js,doAjaxForPagination(page),5,5,5,0,0,0,0,0,
C:\Users\philip.pannenko\git\csp-595\bin\csp-595\scripts\ajax-utils.js,"doAjax(url, domElement)",7,7,7,0,0,0,0,0,
